-- MySQL dump 10.13  Distrib 8.0.25, for Win64 (x86_64)
--
-- Host: localhost    Database: ecommerce_test
-- ------------------------------------------------------
-- Server version	8.0.25

/*!40101 SET @OLD_CHARACTER_SET_CLIENT=@@CHARACTER_SET_CLIENT */;
/*!40101 SET @OLD_CHARACTER_SET_RESULTS=@@CHARACTER_SET_RESULTS */;
/*!40101 SET @OLD_COLLATION_CONNECTION=@@COLLATION_CONNECTION */;
/*!50503 SET NAMES utf8 */;
/*!40103 SET @OLD_TIME_ZONE=@@TIME_ZONE */;
/*!40103 SET TIME_ZONE='+00:00' */;
/*!40014 SET @OLD_UNIQUE_CHECKS=@@UNIQUE_CHECKS, UNIQUE_CHECKS=0 */;
/*!40014 SET @OLD_FOREIGN_KEY_CHECKS=@@FOREIGN_KEY_CHECKS, FOREIGN_KEY_CHECKS=0 */;
/*!40101 SET @OLD_SQL_MODE=@@SQL_MODE, SQL_MODE='NO_AUTO_VALUE_ON_ZERO' */;
/*!40111 SET @OLD_SQL_NOTES=@@SQL_NOTES, SQL_NOTES=0 */;

--
-- Table structure for table `cart`
--

DROP TABLE IF EXISTS `cart`;
/*!40101 SET @saved_cs_client     = @@character_set_client */;
/*!50503 SET character_set_client = utf8mb4 */;
CREATE TABLE `cart` (
  `id` bigint NOT NULL AUTO_INCREMENT,
  `user_id` bigint DEFAULT NULL,
  PRIMARY KEY (`id`),
  KEY `FKl70asp4l4w0jmbm1tqyofho4o` (`user_id`),
  CONSTRAINT `FKl70asp4l4w0jmbm1tqyofho4o` FOREIGN KEY (`user_id`) REFERENCES `user` (`id`)
) ENGINE=InnoDB AUTO_INCREMENT=8 DEFAULT CHARSET=utf8mb4 COLLATE=utf8mb4_0900_ai_ci;
/*!40101 SET character_set_client = @saved_cs_client */;

--
-- Dumping data for table `cart`
--

LOCK TABLES `cart` WRITE;
/*!40000 ALTER TABLE `cart` DISABLE KEYS */;
INSERT INTO `cart` VALUES (7,2),(6,3);
/*!40000 ALTER TABLE `cart` ENABLE KEYS */;
UNLOCK TABLES;

--
-- Table structure for table `cartitem`
--

DROP TABLE IF EXISTS `cartitem`;
/*!40101 SET @saved_cs_client     = @@character_set_client */;
/*!50503 SET character_set_client = utf8mb4 */;
CREATE TABLE `cartitem` (
  `id` bigint NOT NULL AUTO_INCREMENT,
  `price` double DEFAULT NULL,
  `quantity` int DEFAULT NULL,
  `cart_id` bigint DEFAULT NULL,
  `product_id` bigint DEFAULT NULL,
  PRIMARY KEY (`id`),
  KEY `FKcj0jvvlv7mum72m5qblw5m1tc` (`cart_id`),
  KEY `FK34h0pwav2nhuj5ouf43gsq74d` (`product_id`),
  CONSTRAINT `FK34h0pwav2nhuj5ouf43gsq74d` FOREIGN KEY (`product_id`) REFERENCES `products` (`id`),
  CONSTRAINT `FKcj0jvvlv7mum72m5qblw5m1tc` FOREIGN KEY (`cart_id`) REFERENCES `cart` (`id`)
) ENGINE=InnoDB AUTO_INCREMENT=61 DEFAULT CHARSET=utf8mb4 COLLATE=utf8mb4_0900_ai_ci;
/*!40101 SET character_set_client = @saved_cs_client */;

--
-- Dumping data for table `cartitem`
--

LOCK TABLES `cartitem` WRITE;
/*!40000 ALTER TABLE `cartitem` DISABLE KEYS */;
INSERT INTO `cartitem` VALUES (22,52000,2,7,5),(24,64000,2,7,6),(60,80000,1,6,34);
/*!40000 ALTER TABLE `cartitem` ENABLE KEYS */;
UNLOCK TABLES;

--
-- Table structure for table `category`
--

DROP TABLE IF EXISTS `category`;
/*!40101 SET @saved_cs_client     = @@character_set_client */;
/*!50503 SET character_set_client = utf8mb4 */;
CREATE TABLE `category` (
  `id` bigint NOT NULL AUTO_INCREMENT,
  `name` varchar(200) NOT NULL,
  PRIMARY KEY (`id`),
  UNIQUE KEY `UK_46ccwnsi9409t36lurvtyljak` (`name`)
) ENGINE=InnoDB AUTO_INCREMENT=8 DEFAULT CHARSET=utf8mb4 COLLATE=utf8mb4_0900_ai_ci;
/*!40101 SET character_set_client = @saved_cs_client */;

--
-- Dumping data for table `category`
--

LOCK TABLES `category` WRITE;
/*!40000 ALTER TABLE `category` DISABLE KEYS */;
INSERT INTO `category` VALUES (3,'Đồ Ăn Nhanh'),(4,'Đồ Nướng'),(6,'Đồ Uống'),(1,'Khai Vị'),(5,'Món Chay'),(2,'Món Chính'),(7,'Tráng Miệng');
/*!40000 ALTER TABLE `category` ENABLE KEYS */;
UNLOCK TABLES;

--
-- Table structure for table `orderitem`
--

DROP TABLE IF EXISTS `orderitem`;
/*!40101 SET @saved_cs_client     = @@character_set_client */;
/*!50503 SET character_set_client = utf8mb4 */;
CREATE TABLE `orderitem` (
  `id` bigint NOT NULL AUTO_INCREMENT,
  `price` double DEFAULT NULL,
  `quantity` int DEFAULT NULL,
  `order_id` bigint DEFAULT NULL,
  `product_id` bigint DEFAULT NULL,
  PRIMARY KEY (`id`),
  KEY `FKhcggihiup2358o98a7uuxqoxb` (`order_id`),
  KEY `FK5gd4vssx9bc8pvu82fnvsavlt` (`product_id`),
  CONSTRAINT `FK5gd4vssx9bc8pvu82fnvsavlt` FOREIGN KEY (`product_id`) REFERENCES `products` (`id`),
  CONSTRAINT `FKhcggihiup2358o98a7uuxqoxb` FOREIGN KEY (`order_id`) REFERENCES `orders` (`id`)
) ENGINE=InnoDB AUTO_INCREMENT=144 DEFAULT CHARSET=utf8mb4 COLLATE=utf8mb4_0900_ai_ci;
/*!40101 SET character_set_client = @saved_cs_client */;

--
-- Dumping data for table `orderitem`
--

LOCK TABLES `orderitem` WRITE;
/*!40000 ALTER TABLE `orderitem` DISABLE KEYS */;
INSERT INTO `orderitem` VALUES (1,84000,3,1,2),(2,54000,2,2,4),(3,60000,2,2,3),(4,54000,2,3,4),(5,64000,2,4,6),(6,75000,3,4,1),(7,32000,1,6,6),(8,64000,2,7,6),(9,32000,1,8,6),(10,32000,1,9,6),(11,32000,1,10,6),(12,32000,1,11,6),(13,30000,1,12,3),(14,27000,1,13,4),(15,32000,1,14,6),(16,30000,1,15,3),(17,30000,1,16,3),(18,27000,1,16,4),(19,52000,2,17,5),(20,30000,1,18,3),(21,27000,1,18,4),(22,32000,1,18,6),(23,52000,2,19,5),(24,52000,2,20,5),(25,30000,1,21,3),(26,27000,1,21,4),(27,30000,1,22,3),(28,27000,1,22,4),(29,52000,2,23,5),(30,52000,2,24,5),(31,52000,2,25,5),(32,64000,2,26,6),(41,52000,2,35,5),(42,52000,2,36,5),(44,52000,2,38,5),(45,47000,1,39,22),(46,90000,3,40,52),(47,52000,2,41,5),(48,80000,1,42,31),(49,80000,1,43,31),(50,52000,2,44,5),(51,52000,2,45,5),(52,78000,3,46,5),(53,78000,3,47,5),(54,128000,4,48,6),(55,128000,4,49,6),(56,128000,4,50,6),(57,128000,4,51,6),(58,128000,4,52,6),(59,128000,4,53,6),(60,128000,4,54,6),(61,128000,4,55,6),(62,128000,4,56,6),(63,128000,4,57,6),(64,128000,4,58,6),(65,128000,4,59,6),(66,128000,4,60,6),(67,128000,4,61,6),(68,128000,4,62,6),(69,128000,4,63,6),(70,128000,4,64,6),(71,80000,1,65,34),(72,80000,1,66,34),(73,128000,4,67,6),(74,65000,1,68,23),(75,80000,1,69,31),(76,72000,1,70,36),(77,72000,1,71,36),(78,260000,5,72,16),(79,48000,1,73,25),(80,55000,1,74,12),(81,55000,1,75,12),(82,55000,1,76,12),(83,260000,5,77,16),(84,28000,1,78,56),(85,28000,1,79,56),(86,28000,1,80,56),(87,28000,1,81,56),(88,28000,1,82,56),(89,28000,1,83,56),(90,28000,1,84,56),(91,28000,1,85,56),(92,28000,1,86,56),(93,28000,1,87,56),(94,28000,1,88,56),(95,28000,1,89,56),(96,28000,1,90,56),(97,28000,1,91,56),(98,28000,1,92,56),(99,28000,1,93,56),(100,28000,1,94,56),(101,28000,1,95,56),(102,28000,1,96,56),(103,47000,1,97,22),(104,260000,5,98,16),(105,260000,5,99,16),(106,45000,1,100,21),(107,45000,1,101,21),(108,47000,1,102,22),(109,45000,1,103,21),(110,45000,1,104,21),(111,45000,1,105,21),(112,160000,2,106,31),(113,80000,1,107,31),(114,80000,1,108,31),(115,45000,1,109,21),(116,80000,1,110,34),(117,160000,2,111,34),(118,40000,1,112,24),(119,160000,2,113,31),(120,80000,1,114,31),(121,65000,1,115,23),(122,94000,2,115,26),(123,28000,1,116,56),(124,28000,1,117,56),(125,45000,1,118,21),(126,65000,1,119,23),(127,260000,5,120,16),(128,55000,1,121,12),(129,80000,1,122,31),(130,80000,1,123,31),(131,80000,1,124,31),(132,80000,1,125,34),(133,45000,1,126,41),(134,30000,1,127,52),(135,45000,1,128,21),(136,34000,1,129,57),(137,34000,1,130,57),(138,72000,1,131,36),(139,65000,1,132,23),(140,47000,1,133,22),(141,72000,1,134,36),(142,65000,1,135,23),(143,45000,1,136,21);
/*!40000 ALTER TABLE `orderitem` ENABLE KEYS */;
UNLOCK TABLES;

--
-- Table structure for table `orders`
--

DROP TABLE IF EXISTS `orders`;
/*!40101 SET @saved_cs_client     = @@character_set_client */;
/*!50503 SET character_set_client = utf8mb4 */;
CREATE TABLE `orders` (
  `id` bigint NOT NULL AUTO_INCREMENT,
  `createdby` varchar(255) DEFAULT NULL,
  `createddate` datetime(6) DEFAULT NULL,
  `lastmodifiedby` varchar(255) DEFAULT NULL,
  `lastmodifieddate` datetime(6) DEFAULT NULL,
  `status` varchar(255) DEFAULT NULL,
  `total_amount` double DEFAULT NULL,
  `user_id` bigint DEFAULT NULL,
  `recipient_phone` varchar(255) DEFAULT NULL,
  `shipping_address` varchar(255) DEFAULT NULL,
  PRIMARY KEY (`id`),
  KEY `FKel9kyl84ego2otj2accfd8mr7` (`user_id`),
  CONSTRAINT `FKel9kyl84ego2otj2accfd8mr7` FOREIGN KEY (`user_id`) REFERENCES `user` (`id`)
) ENGINE=InnoDB AUTO_INCREMENT=137 DEFAULT CHARSET=utf8mb4 COLLATE=utf8mb4_0900_ai_ci;
/*!40101 SET character_set_client = @saved_cs_client */;

--
-- Dumping data for table `orders`
--

LOCK TABLES `orders` WRITE;
/*!40000 ALTER TABLE `orders` DISABLE KEYS */;
INSERT INTO `orders` VALUES (1,NULL,'2025-06-08 20:26:47.717000',NULL,NULL,'SHIPPED',84000,3,NULL,NULL),(2,NULL,'2025-06-08 20:30:27.444000',NULL,NULL,'CANCELLED',114000,3,NULL,NULL),(3,NULL,'2025-06-08 20:50:03.687000',NULL,NULL,'CANCELLED',54000,3,NULL,NULL),(4,NULL,'2025-06-08 22:49:58.833000',NULL,NULL,'DELIVERED',139000,3,NULL,NULL),(5,NULL,'2025-06-09 00:50:23.123000',NULL,NULL,'DELIVERED',0,3,NULL,NULL),(6,NULL,'2025-06-09 00:51:25.500000',NULL,NULL,'DELIVERED',32000,3,NULL,NULL),(7,NULL,'2025-06-09 13:14:10.468000',NULL,NULL,'DELIVERED',64000,3,NULL,NULL),(8,NULL,'2025-06-09 15:32:01.304000',NULL,NULL,'DELIVERED',32000,3,NULL,NULL),(9,NULL,'2025-06-09 15:32:53.955000',NULL,NULL,'DELIVERED',32000,3,NULL,NULL),(10,NULL,'2025-06-09 15:33:05.671000',NULL,NULL,'DELIVERED',32000,3,NULL,NULL),(11,NULL,'2025-06-09 16:30:27.319000',NULL,NULL,'PENDING',32000,3,NULL,NULL),(12,NULL,'2025-06-09 16:47:02.560000',NULL,NULL,'PENDING',30000,3,NULL,NULL),(13,NULL,'2025-06-09 18:18:07.537000',NULL,NULL,'PENDING',27000,3,NULL,NULL),(14,NULL,'2025-06-09 18:18:14.392000',NULL,NULL,'PENDING',32000,3,NULL,NULL),(15,NULL,'2025-06-09 18:19:02.410000',NULL,NULL,'PENDING',30000,3,NULL,NULL),(16,NULL,'2025-06-09 18:19:56.546000',NULL,NULL,'PENDING',57000,3,NULL,NULL),(17,NULL,'2025-06-09 19:53:06.611000',NULL,NULL,'PENDING',52000,3,NULL,NULL),(18,NULL,'2025-06-09 20:06:57.499000',NULL,NULL,'PENDING',89000,3,NULL,NULL),(19,NULL,'2025-06-09 20:51:41.564000',NULL,NULL,'PENDING',52000,3,NULL,NULL),(20,NULL,'2025-06-09 20:53:15.941000',NULL,NULL,'PENDING',52000,3,NULL,NULL),(21,NULL,'2025-06-09 20:58:33.015000',NULL,NULL,'PENDING',57000,3,NULL,NULL),(22,NULL,'2025-06-09 21:35:38.810000',NULL,NULL,'PENDING',57000,3,NULL,NULL),(23,NULL,'2025-06-10 15:52:51.755000',NULL,NULL,'PENDING',52000,2,NULL,NULL),(24,NULL,'2025-06-10 18:29:30.387000',NULL,NULL,'PENDING',52000,2,NULL,NULL),(25,NULL,'2025-06-10 18:29:35.926000',NULL,NULL,'PENDING',52000,2,NULL,NULL),(26,NULL,'2025-06-12 15:03:24.936000',NULL,NULL,'DELIVERED',64000,3,NULL,NULL),(35,NULL,'2025-06-12 15:38:26.808000',NULL,NULL,'PENDING',52000,3,NULL,NULL),(36,NULL,'2025-06-14 12:58:20.247000',NULL,NULL,'CONFIRMED',52000,2,NULL,NULL),(38,NULL,'2025-06-19 21:54:29.169000',NULL,NULL,'CONFIRMED',52000,3,'0355308724','trường đại học gai thông vận tải tphcm'),(39,NULL,'2025-06-20 18:15:03.276000',NULL,NULL,'PENDING',47000,3,'0355308724','39/11a Thur dduc TPHCM'),(40,NULL,'2025-06-20 18:20:05.386000',NULL,NULL,'PENDING',90000,3,'0355308724','39/11a Thur dduc TPHCM'),(41,NULL,'2025-06-20 18:25:48.696000',NULL,NULL,'PENDING',52000,3,'0355308724','trường đại học gai thông vận tải tphcm'),(42,NULL,'2025-06-20 18:41:02.588000',NULL,NULL,'PENDING',80000,3,'0355308724','39/11a Thur dduc TPHCM'),(43,NULL,'2025-06-20 18:42:34.080000',NULL,NULL,'CONFIRMED',80000,3,'0355308724','39/11a Thur dduc TPHCM'),(44,NULL,'2025-06-20 21:22:04.284000',NULL,NULL,'PENDING',52000,3,'0355308724','trường đại học gai thông vận tải tphcm'),(45,NULL,'2025-06-20 21:32:03.288000',NULL,NULL,'PENDING',52000,3,'0355308724','trường đại học gai thông vận tải tphcm'),(46,NULL,'2025-06-20 21:32:51.515000',NULL,NULL,'PENDING',78000,3,'0355308724','trường đại học gai thông vận tải tphcm'),(47,NULL,'2025-06-20 21:35:03.212000',NULL,NULL,'PENDING',78000,3,'0355308724','trường đại học gai thông vận tải tphcm'),(48,NULL,'2025-06-20 21:35:24.940000',NULL,NULL,'PENDING',128000,3,'0355308724','trường đại học gai thông vận tải tphcm'),(49,NULL,'2025-06-20 21:37:32.310000',NULL,NULL,'PENDING',128000,3,'0355308724','trường đại học gai thông vận tải tphcm'),(50,NULL,'2025-06-20 21:43:08.865000',NULL,NULL,'PENDING',128000,3,'0355308724','trường đại học gai thông vận tải tphcm'),(51,NULL,'2025-06-20 21:44:17.755000',NULL,NULL,'PENDING',128000,3,'0355308724','trường đại học gai thông vận tải tphcm'),(52,NULL,'2025-06-20 21:45:34.123000',NULL,NULL,'PENDING',128000,3,'0355308724','trường đại học gai thông vận tải tphcm'),(53,NULL,'2025-06-20 21:49:01.965000',NULL,NULL,'PENDING',128000,3,'0355308724','trường đại học gai thông vận tải tphcm'),(54,NULL,'2025-06-20 21:50:36.548000',NULL,NULL,'PENDING',128000,3,'0355308724','trường đại học gai thông vận tải tphcm'),(55,NULL,'2025-06-20 21:54:11.164000',NULL,NULL,'PENDING',128000,3,'0355308724','trường đại học gai thông vận tải tphcm'),(56,NULL,'2025-06-20 21:57:59.466000',NULL,NULL,'PENDING',128000,3,'0355308724','trường đại học gai thông vận tải tphcm'),(57,NULL,'2025-06-20 22:08:51.572000',NULL,NULL,'PENDING',128000,3,'0355308724','trường đại học gai thông vận tải tphcm'),(58,NULL,'2025-06-20 22:15:38.770000',NULL,NULL,'PENDING',128000,3,'0355308724','trường đại học gai thông vận tải tphcm'),(59,NULL,'2025-06-20 22:18:58.346000',NULL,NULL,'PENDING',128000,3,'0355308724','trường đại học gai thông vận tải tphcm'),(60,NULL,'2025-06-20 22:22:29.510000',NULL,NULL,'PENDING',128000,3,'0355308724','trường đại học gai thông vận tải tphcm'),(61,NULL,'2025-06-20 22:23:08.504000',NULL,NULL,'PENDING',128000,3,'0355308724','trường đại học gai thông vận tải tphcm'),(62,NULL,'2025-06-20 22:28:58.310000',NULL,NULL,'PENDING',128000,3,'0355308724','trường đại học gai thông vận tải tphcm'),(63,NULL,'2025-06-20 22:30:06.737000',NULL,NULL,'PENDING',128000,3,'0355308724','trường đại học gai thông vận tải tphcm'),(64,NULL,'2025-06-20 22:36:08.991000',NULL,NULL,'PENDING',128000,3,'0355308724','trường đại học gai thông vận tải tphcm'),(65,NULL,'2025-06-20 22:41:52.297000',NULL,NULL,'PENDING',80000,3,'0355308724','39/11a Thur dduc TPHCM'),(66,NULL,'2025-06-20 22:47:21.765000',NULL,NULL,'PENDING',80000,3,'0355308724','39/11a Thur dduc TPHCM'),(67,NULL,'2025-06-21 00:11:52.971000',NULL,NULL,'CANCELLED',128000,3,'0355308724','trường đại học gai thông vận tải tphcm'),(68,NULL,'2025-06-21 00:37:54.505000',NULL,NULL,'PENDING',65000,3,'0355308724','39/11a Thur dduc TPHCM'),(69,NULL,'2025-06-21 00:39:54.209000',NULL,NULL,'PENDING',80000,3,'0355308724','39/11a Thur dduc TPHCM'),(70,NULL,'2025-06-21 00:44:48.346000',NULL,NULL,'CONFIRMED',72000,3,'0355308724','39/11a Thur dduc TPHCM'),(71,NULL,'2025-06-21 00:44:56.988000',NULL,NULL,'CANCELLED',72000,3,'0355308724','39/11a Thur dduc TPHCM'),(72,NULL,'2025-06-21 00:47:44.436000',NULL,NULL,'CANCELLED',260000,3,'0355308724','trường đại học gai thông vận tải tphcm'),(73,NULL,'2025-06-21 00:56:34.263000',NULL,NULL,'PENDING',48000,3,'0355308724','39/11a Thur dduc TPHCM'),(74,NULL,'2025-06-21 00:59:27.293000',NULL,NULL,'PENDING',55000,3,'0355308724','39/11a Thur dduc TPHCM'),(75,NULL,'2025-06-21 01:01:32.913000',NULL,NULL,'PENDING',55000,3,'0355308724','39/11a Thur dduc TPHCM'),(76,NULL,'2025-06-21 01:04:41.249000',NULL,NULL,'PENDING',55000,3,'0355308724','39/11a Thur dduc TPHCM'),(77,NULL,'2025-06-21 01:09:41.096000',NULL,NULL,'CANCELLED',260000,3,'0355308724','trường đại học gai thông vận tải tphcm'),(78,NULL,'2025-06-21 07:44:57.489000',NULL,NULL,'PENDING',28000,3,'0355308724','39/11a Thur dduc TPHCM'),(79,NULL,'2025-06-21 07:45:04.360000',NULL,NULL,'PENDING',28000,3,'0355308724','39/11a Thur dduc TPHCM'),(80,NULL,'2025-06-21 07:45:29.540000',NULL,NULL,'PENDING',28000,3,'0355308724','39/11a Thur dduc TPHCM'),(81,NULL,'2025-06-21 07:45:30.595000',NULL,NULL,'PENDING',28000,3,'0355308724','39/11a Thur dduc TPHCM'),(82,NULL,'2025-06-21 07:45:31.528000',NULL,NULL,'PENDING',28000,3,'0355308724','39/11a Thur dduc TPHCM'),(83,NULL,'2025-06-21 07:45:31.727000',NULL,NULL,'PENDING',28000,3,'0355308724','39/11a Thur dduc TPHCM'),(84,NULL,'2025-06-21 07:45:31.911000',NULL,NULL,'PENDING',28000,3,'0355308724','39/11a Thur dduc TPHCM'),(85,NULL,'2025-06-21 07:45:32.406000',NULL,NULL,'PENDING',28000,3,'0355308724','39/11a Thur dduc TPHCM'),(86,NULL,'2025-06-21 07:45:32.596000',NULL,NULL,'PENDING',28000,3,'0355308724','39/11a Thur dduc TPHCM'),(87,NULL,'2025-06-21 07:45:32.796000',NULL,NULL,'PENDING',28000,3,'0355308724','39/11a Thur dduc TPHCM'),(88,NULL,'2025-06-21 07:45:33.006000',NULL,NULL,'PENDING',28000,3,'0355308724','39/11a Thur dduc TPHCM'),(89,NULL,'2025-06-21 07:45:33.288000',NULL,NULL,'PENDING',28000,3,'0355308724','39/11a Thur dduc TPHCM'),(90,NULL,'2025-06-21 07:45:33.473000',NULL,NULL,'PENDING',28000,3,'0355308724','39/11a Thur dduc TPHCM'),(91,NULL,'2025-06-21 07:45:33.673000',NULL,NULL,'PENDING',28000,3,'0355308724','39/11a Thur dduc TPHCM'),(92,NULL,'2025-06-21 07:46:02.389000',NULL,NULL,'PENDING',28000,3,'0355308724','39/11a Thur dduc TPHCM'),(93,NULL,'2025-06-21 07:48:27.274000',NULL,NULL,'PENDING',28000,3,'0355308724','39/11a Thur dduc TPHCM'),(94,NULL,'2025-06-21 07:48:28.931000',NULL,NULL,'PENDING',28000,3,'0355308724','39/11a Thur dduc TPHCM'),(95,NULL,'2025-06-21 07:48:29.726000',NULL,NULL,'PENDING',28000,3,'0355308724','39/11a Thur dduc TPHCM'),(96,NULL,'2025-06-21 07:48:30.249000',NULL,NULL,'PENDING',28000,3,'0355308724','39/11a Thur dduc TPHCM'),(97,NULL,'2025-06-21 07:48:39.467000',NULL,NULL,'PENDING',47000,3,'0355308724','39/11a Thur dduc TPHCM'),(98,NULL,'2025-06-21 07:49:15.938000',NULL,NULL,'PENDING',260000,3,'0355308724','trường đại học gai thông vận tải tphcm'),(99,NULL,'2025-06-21 07:51:19.425000',NULL,NULL,'CANCELLED',260000,3,'0355308724','trường đại học gai thông vận tải tphcm'),(100,NULL,'2025-06-21 07:53:15.934000',NULL,NULL,'CONFIRMED',45000,3,'0355308724','39/11a Thur dduc TPHCM'),(101,NULL,'2025-06-21 11:58:48.674000',NULL,NULL,'PENDING',45000,3,'0355308724','39/11a Thur dduc TPHCM'),(102,NULL,'2025-06-21 13:34:21.579000',NULL,NULL,'PENDING',47000,3,'0355308724','39/11a Thur dduc TPHCM'),(103,NULL,'2025-06-21 13:35:12.242000',NULL,NULL,'PENDING',45000,3,'0355308724','39/11a Thur dduc TPHCM'),(104,NULL,'2025-06-21 13:48:56.420000',NULL,NULL,'CANCELLED',45000,3,'0355308724','39/11a Thur dduc TPHCM'),(105,NULL,'2025-06-21 14:25:58.926000',NULL,NULL,'CANCELLED',45000,3,'0355308724','39/11a Thur dduc TPHCM'),(106,NULL,'2025-06-21 14:32:47.685000',NULL,NULL,'PENDING',160000,3,'0355308724','39/11a Thur dduc TPHCM'),(107,NULL,'2025-06-21 14:34:09.461000',NULL,NULL,'CANCELLED',80000,3,'0355308724','39/11a Thur dduc TPHCM'),(108,NULL,'2025-06-21 14:38:31.831000',NULL,NULL,'CANCELLED',80000,3,'0355308724','39/11a Thur dduc TPHCM'),(109,NULL,'2025-06-21 14:59:02.911000',NULL,NULL,'CONFIRMED',45000,3,'0355308724','39/11a Thur dduc TPHCM'),(110,NULL,'2025-06-21 14:59:44.087000',NULL,NULL,'CONFIRMED',80000,3,'0355308724','39/11a Thur dduc TPHCM'),(111,NULL,'2025-06-21 14:59:54.536000',NULL,NULL,'PENDING',160000,3,'0355308724','39/11a Thur dduc TPHCM'),(112,NULL,'2025-06-21 15:00:09.880000',NULL,NULL,'CONFIRMED',40000,3,'0355308724','39/11a Thur dduc TPHCM'),(113,NULL,'2025-06-21 15:03:45.707000',NULL,NULL,'CONFIRMED',160000,3,'0355308724','39/11a Thur dduc TPHCM'),(114,NULL,'2025-06-21 15:08:09.716000',NULL,NULL,'CONFIRMED',80000,3,'0355308724','39/11a Thur dduc TPHCM'),(115,NULL,'2025-06-21 15:12:10.395000',NULL,NULL,'CONFIRMED',159000,3,'0355308724','39/11a Thur dduc TPHCM'),(116,NULL,'2025-06-21 15:13:34.240000',NULL,NULL,'PENDING',28000,3,'0355308724','39/11a Thur dduc TPHCM'),(117,NULL,'2025-06-21 15:13:50.217000',NULL,NULL,'CONFIRMED',28000,3,'0355308724','39/11a Thur dduc TPHCM'),(118,NULL,'2025-06-21 15:16:01.224000',NULL,NULL,'CONFIRMED',45000,3,'0355308724','39/11a Thur dduc TPHCM'),(119,NULL,'2025-06-21 15:16:17.231000',NULL,NULL,'CANCELLED',65000,3,'0355308724','39/11a Thur dduc TPHCM'),(120,NULL,'2025-06-21 15:37:04.064000',NULL,NULL,'CONFIRMED',260000,3,'0355308724','trường đại học gai thông vận tải tphcm'),(121,NULL,'2025-06-21 15:42:40.196000',NULL,NULL,'CANCELLED',55000,3,'0355308724','39/11a Thur dduc TPHCM'),(122,NULL,'2025-06-21 15:43:09.145000',NULL,NULL,'PENDING',80000,3,'0355308724','39/11a Thur dduc TPHCM'),(123,NULL,'2025-06-21 15:43:18.076000',NULL,NULL,'PENDING',80000,3,'0355308724','39/11a Thur dduc TPHCM'),(124,NULL,'2025-06-21 15:43:24.190000',NULL,NULL,'PENDING',80000,3,'0355308724','39/11a Thur dduc TPHCM'),(125,NULL,'2025-06-21 15:57:41.414000',NULL,NULL,'CANCELLED',80000,3,'0355308724','39/11a Thur dduc TPHCM'),(126,NULL,'2025-06-21 19:52:43.866000',NULL,NULL,'CANCELLED',45000,3,'0355308724','39/11a Thur dduc TPHCM'),(127,NULL,'2025-06-21 19:53:04.589000',NULL,NULL,'CONFIRMED',30000,3,'0355308724','39/11a Thur dduc TPHCM'),(128,NULL,'2025-06-21 21:14:43.486000',NULL,NULL,'CONFIRMED',45000,3,'0355308724','39/11a Thur dduc TPHCM'),(129,NULL,'2025-06-21 21:16:04.976000',NULL,NULL,'CONFIRMED',34000,3,'0355308724','39/11a Thur dduc TPHCM'),(130,NULL,'2025-06-21 21:16:20.155000',NULL,NULL,'CANCELLED',34000,3,'0355308724','39/11a Thur dduc TPHCM'),(131,NULL,'2025-06-22 22:59:35.101000',NULL,NULL,'CANCELLED',72000,3,'0355308724','39/11a Thur dduc TPHC'),(132,NULL,'2025-06-22 23:00:54.836000',NULL,NULL,'CANCELLED',65000,3,'0355308724','39/11a Thur dduc TPHC'),(133,NULL,'2025-06-22 23:31:59.048000',NULL,NULL,'CANCELLED',47000,3,'0355308724','39/11a Thur dduc TPHC'),(134,NULL,'2025-06-22 23:36:38.038000',NULL,NULL,'CANCELLED',72000,3,'0355308724','39/11a Thur dduc TPHC'),(135,NULL,'2025-06-22 23:37:30.200000',NULL,NULL,'CONFIRMED',65000,3,'0355308724','39/11a Thur dduc TPHC'),(136,NULL,'2025-06-22 23:51:25.984000',NULL,NULL,'CONFIRMED',45000,3,'0355308724','39/11a Thur dduc TPHC');
/*!40000 ALTER TABLE `orders` ENABLE KEYS */;
UNLOCK TABLES;

--
-- Table structure for table `payment`
--

DROP TABLE IF EXISTS `payment`;
/*!40101 SET @saved_cs_client     = @@character_set_client */;
/*!50503 SET character_set_client = utf8mb4 */;
CREATE TABLE `payment` (
  `id` bigint NOT NULL AUTO_INCREMENT,
  `createdby` varchar(255) DEFAULT NULL,
  `createddate` datetime(6) DEFAULT NULL,
  `lastmodifiedby` varchar(255) DEFAULT NULL,
  `lastmodifieddate` datetime(6) DEFAULT NULL,
  `amount` double DEFAULT NULL,
  `paymentmethod` varchar(255) DEFAULT NULL,
  `status` varchar(255) DEFAULT NULL,
  `order_id` bigint DEFAULT NULL,
  PRIMARY KEY (`id`),
  UNIQUE KEY `UK_mf7n8wo2rwrxsd6f3t9ub2mep` (`order_id`),
  CONSTRAINT `FKlouu98csyullos9k25tbpk4va` FOREIGN KEY (`order_id`) REFERENCES `orders` (`id`)
) ENGINE=InnoDB AUTO_INCREMENT=112 DEFAULT CHARSET=utf8mb4 COLLATE=utf8mb4_0900_ai_ci;
/*!40101 SET character_set_client = @saved_cs_client */;

--
-- Dumping data for table `payment`
--

LOCK TABLES `payment` WRITE;
/*!40000 ALTER TABLE `payment` DISABLE KEYS */;
INSERT INTO `payment` VALUES (1,NULL,NULL,NULL,NULL,64000,'COD','CONFIRMED',26),(10,NULL,NULL,NULL,NULL,52000,'VNPAY','PENDING',35),(11,NULL,NULL,NULL,NULL,52000,'VNPAY','PENDING',36),(13,NULL,NULL,NULL,NULL,52000,'VNPAY','PENDING',38),(14,NULL,NULL,NULL,NULL,47000,'VNPAY','PENDING',39),(15,NULL,NULL,NULL,NULL,90000,'VNPAY','PENDING',40),(16,NULL,NULL,NULL,NULL,52000,'VNPAY','PENDING',41),(17,NULL,NULL,NULL,NULL,80000,'VNPAY','PENDING',42),(18,NULL,NULL,NULL,NULL,80000,'COD','CONFIRMED',43),(19,NULL,NULL,NULL,NULL,52000,'VNPAY','PENDING',44),(20,NULL,NULL,NULL,NULL,52000,'VNPAY','PENDING',45),(21,NULL,NULL,NULL,NULL,78000,'VNPAY','PENDING',46),(22,NULL,NULL,NULL,NULL,78000,'VNPAY','PENDING',47),(23,NULL,NULL,NULL,NULL,128000,'VNPAY','PENDING',48),(24,NULL,NULL,NULL,NULL,128000,'VNPAY','PENDING',49),(25,NULL,NULL,NULL,NULL,128000,'VNPAY','PENDING',50),(26,NULL,NULL,NULL,NULL,128000,'VNPAY','PENDING',51),(27,NULL,NULL,NULL,NULL,128000,'VNPAY','PENDING',52),(28,NULL,NULL,NULL,NULL,128000,'VNPAY','PENDING',53),(29,NULL,NULL,NULL,NULL,128000,'VNPAY','PENDING',54),(30,NULL,NULL,NULL,NULL,128000,'VNPAY','PENDING',55),(31,NULL,NULL,NULL,NULL,128000,'VNPAY','PENDING',56),(32,NULL,NULL,NULL,NULL,128000,'VNPAY','PENDING',57),(33,NULL,NULL,NULL,NULL,128000,'VNPAY','PENDING',58),(34,NULL,NULL,NULL,NULL,128000,'VNPAY','PENDING',59),(35,NULL,NULL,NULL,NULL,128000,'VNPAY','PENDING',60),(36,NULL,NULL,NULL,NULL,128000,'VNPAY','PENDING',61),(37,NULL,NULL,NULL,NULL,128000,'VNPAY','PENDING',62),(38,NULL,NULL,NULL,NULL,128000,'VNPAY','PENDING',63),(39,NULL,NULL,NULL,NULL,128000,'VNPAY','PENDING',64),(40,NULL,NULL,NULL,NULL,80000,'VNPAY','PENDING',65),(41,NULL,NULL,NULL,NULL,80000,'VNPAY','PENDING',66),(42,NULL,NULL,NULL,NULL,128000,'VNPAY','FAILED',67),(43,NULL,NULL,NULL,NULL,65000,'VNPAY','PENDING',68),(44,NULL,NULL,NULL,NULL,80000,'VNPAY','PENDING',69),(45,NULL,NULL,NULL,NULL,72000,'COD','CONFIRMED',70),(46,NULL,NULL,NULL,NULL,72000,'VNPAY','PENDING',71),(47,NULL,NULL,NULL,NULL,260000,'VNPAY','PENDING',72),(48,NULL,NULL,NULL,NULL,48000,'VNPAY','PENDING',73),(49,NULL,NULL,NULL,NULL,55000,'VNPAY','PENDING',74),(50,NULL,NULL,NULL,NULL,55000,'VNPAY','PENDING',75),(51,NULL,NULL,NULL,NULL,55000,'VNPAY','PENDING',76),(52,NULL,NULL,NULL,NULL,260000,'VNPAY','FAILED',77),(53,NULL,NULL,NULL,NULL,28000,'VNPAY','PENDING',78),(54,NULL,NULL,NULL,NULL,28000,'VNPAY','PENDING',79),(55,NULL,NULL,NULL,NULL,28000,'VNPAY','PENDING',80),(56,NULL,NULL,NULL,NULL,28000,'VNPAY','PENDING',81),(57,NULL,NULL,NULL,NULL,28000,'VNPAY','PENDING',82),(58,NULL,NULL,NULL,NULL,28000,'VNPAY','PENDING',83),(59,NULL,NULL,NULL,NULL,28000,'VNPAY','PENDING',84),(60,NULL,NULL,NULL,NULL,28000,'VNPAY','PENDING',85),(61,NULL,NULL,NULL,NULL,28000,'VNPAY','PENDING',86),(62,NULL,NULL,NULL,NULL,28000,'VNPAY','PENDING',87),(63,NULL,NULL,NULL,NULL,28000,'VNPAY','PENDING',88),(64,NULL,NULL,NULL,NULL,28000,'VNPAY','PENDING',89),(65,NULL,NULL,NULL,NULL,28000,'VNPAY','PENDING',90),(66,NULL,NULL,NULL,NULL,28000,'VNPAY','PENDING',91),(67,NULL,NULL,NULL,NULL,28000,'VNPAY','PENDING',92),(68,NULL,NULL,NULL,NULL,28000,'VNPAY','PENDING',93),(69,NULL,NULL,NULL,NULL,28000,'VNPAY','PENDING',94),(70,NULL,NULL,NULL,NULL,28000,'VNPAY','PENDING',95),(71,NULL,NULL,NULL,NULL,28000,'VNPAY','PENDING',96),(72,NULL,NULL,NULL,NULL,47000,'VNPAY','PENDING',97),(73,NULL,NULL,NULL,NULL,260000,'VNPAY','PENDING',98),(74,NULL,NULL,NULL,NULL,260000,'VNPAY','FAILED',99),(75,NULL,NULL,NULL,NULL,45000,'VNPAY','CONFIRMED',100),(76,NULL,NULL,NULL,NULL,45000,'VNPAY','PENDING',101),(77,NULL,NULL,NULL,NULL,47000,'VNPAY','PENDING',102),(78,NULL,NULL,NULL,NULL,45000,'VNPAY','PENDING',103),(79,NULL,NULL,NULL,NULL,45000,'VNPAY','FAILED',104),(80,NULL,NULL,NULL,NULL,45000,'VNPAY','FAILED',105),(81,NULL,NULL,NULL,NULL,160000,'VNPAY','PENDING',106),(82,NULL,NULL,NULL,NULL,80000,'VNPAY','FAILED',107),(83,NULL,NULL,NULL,NULL,80000,'VNPAY','FAILED',108),(84,NULL,NULL,NULL,NULL,45000,'COD','CONFIRMED',109),(85,NULL,NULL,NULL,NULL,80000,'COD','CONFIRMED',110),(86,NULL,NULL,NULL,NULL,160000,'VNPAY','PENDING',111),(87,NULL,NULL,NULL,NULL,40000,'COD','CONFIRMED',112),(88,NULL,NULL,NULL,NULL,160000,'COD','CONFIRMED',113),(89,NULL,NULL,NULL,NULL,80000,'COD','CONFIRMED',114),(90,NULL,NULL,NULL,NULL,159000,'COD','CONFIRMED',115),(91,NULL,NULL,NULL,NULL,28000,'VNPAY','PENDING',116),(92,NULL,NULL,NULL,NULL,28000,'COD','CONFIRMED',117),(93,NULL,NULL,NULL,NULL,45000,'COD','CONFIRMED',118),(94,NULL,NULL,NULL,NULL,65000,'VNPAY','FAILED',119),(95,NULL,NULL,NULL,NULL,260000,'COD','CONFIRMED',120),(96,NULL,NULL,NULL,NULL,55000,'VNPAY','FAILED',121),(97,NULL,NULL,NULL,NULL,80000,'VNPAY','PENDING',122),(98,NULL,NULL,NULL,NULL,80000,'VNPAY','PENDING',123),(99,NULL,NULL,NULL,NULL,80000,'VNPAY','PENDING',124),(100,NULL,NULL,NULL,NULL,80000,'VNPAY','FAILED',125),(101,NULL,NULL,NULL,NULL,45000,'VNPAY','FAILED',126),(102,NULL,NULL,NULL,NULL,30000,'COD','CONFIRMED',127),(103,NULL,NULL,NULL,NULL,45000,'COD','CONFIRMED',128),(104,NULL,NULL,NULL,NULL,34000,'COD','CONFIRMED',129),(105,NULL,NULL,NULL,NULL,34000,'VNPAY','FAILED',130),(106,NULL,NULL,NULL,NULL,72000,'VNPAY','FAILED',131),(107,NULL,NULL,NULL,NULL,65000,'VNPAY','FAILED',132),(108,NULL,NULL,NULL,NULL,47000,'VNPAY','FAILED',133),(109,NULL,NULL,NULL,NULL,72000,'VNPAY','FAILED',134),(110,NULL,NULL,NULL,NULL,65000,'COD','CONFIRMED',135),(111,NULL,NULL,NULL,NULL,45000,'COD','CONFIRMED',136);
/*!40000 ALTER TABLE `payment` ENABLE KEYS */;
UNLOCK TABLES;

--
-- Table structure for table `products`
--

DROP TABLE IF EXISTS `products`;
/*!40101 SET @saved_cs_client     = @@character_set_client */;
/*!50503 SET character_set_client = utf8mb4 */;
CREATE TABLE `products` (
  `id` bigint NOT NULL AUTO_INCREMENT,
  `createdby` varchar(255) DEFAULT NULL,
  `createddate` datetime(6) DEFAULT NULL,
  `lastmodifiedby` varchar(255) DEFAULT NULL,
  `lastmodifieddate` datetime(6) DEFAULT NULL,
  `description` varchar(255) DEFAULT NULL,
  `image` varchar(255) DEFAULT NULL,
  `name` varchar(255) DEFAULT NULL,
  `price` double DEFAULT NULL,
  `quantity` int DEFAULT NULL,
  `status` varchar(255) DEFAULT NULL,
  `type` varchar(255) DEFAULT NULL,
  `category_id` bigint DEFAULT NULL,
  `sold_quantity` int DEFAULT NULL,
  PRIMARY KEY (`id`),
  KEY `FK1cf90etcu98x1e6n9aks3tel3` (`category_id`),
  CONSTRAINT `FK1cf90etcu98x1e6n9aks3tel3` FOREIGN KEY (`category_id`) REFERENCES `category` (`id`)
) ENGINE=InnoDB AUTO_INCREMENT=87 DEFAULT CHARSET=utf8mb4 COLLATE=utf8mb4_0900_ai_ci;
/*!40101 SET character_set_client = @saved_cs_client */;

--
-- Dumping data for table `products`
--

LOCK TABLES `products` WRITE;
/*!40000 ALTER TABLE `products` DISABLE KEYS */;
INSERT INTO `products` VALUES (1,NULL,NULL,NULL,NULL,'Món khai vị nhẹ nhàng và ngon miệng','/img/9986c3bd-903c-4829-845c-ea5a38ebfd17_goi_cuon_1.jpg','Gỏi cuốn tươi ngon',45000,101,'Het_Hang','Khai Vị',1,NULL),(2,NULL,NULL,NULL,NULL,'Chả giò giòn tan','/img/30998a9e-d174-4c04-b77f-a285d35c4cd2_spring-roll-7622587_1280.jpg','Chả giò truyền thống',28000,120,'Het_Hang','Khai Vị',1,NULL),(3,NULL,NULL,NULL,NULL,'Súp bí đỏ thơm mịn','/img/ea5aea3f-c4c6-4e6d-980d-5576281f9008_sup.jpg','Súp bí đỏ thơm ngon',30000,80,'Het_Hang','Khai Vị',1,NULL),(4,NULL,NULL,NULL,NULL,'Salad tươi mát','/img/afd1c9b8-d171-4385-9c6a-b8e5d320e8d6_salad.jpg','Salad trộn rau củ',27000,90,'Con_Hang','Khai Vị',1,NULL),(5,NULL,NULL,NULL,NULL,'Gỏi cuốn đậm đà','/img/80b456db-ea10-418d-8144-776e1cfcb90b_chagochay.jpg','Gỏi cuốn tôm thịt',26000,100,'Con_Hang','Khai Vị',1,NULL),(6,NULL,NULL,NULL,NULL,'Chả giò hải sản hấp dẫn','/img/829ccc99-ea0f-4d96-9275-7e76088b17c1_spring-rolls-8135469_1280.jpg','Chả giò hải sản',32000,110,'Con_Hang','Khai Vị',1,NULL),(7,NULL,NULL,NULL,NULL,'Súp gà ngon lành','/img/53483831-7a63-497a-956c-ad67a3249c05_ai-generated-9013115_1280.jpg','Súp gà thượng hạng',35000,70,'Con_Hang','Khai Vị',1,NULL),(8,NULL,NULL,NULL,NULL,'Salad cá ngừ tươi','/img/43680bc5-c804-44e3-9288-6f9a3132584b_ai-generated-7955585_1280.jpg','Salad cá ngừ',29000,85,'Con_Hang','Khai Vị',1,NULL),(11,NULL,NULL,NULL,NULL,'Cơm gà thơm ngon','/img/8ebe3a54-e83e-4cd4-aa29-2d97a5b98281_ai-generated-8517258_1280.jpg','Cơm gà xối mỡ',50000,150,'Con_Hang','Món Chính',2,NULL),(12,NULL,NULL,NULL,NULL,'Bún bò cay đậm đà','/img/522cf13c-e5e2-49d1-9f75-5780bb2f569f_bun_2.jpg','Bún bò Huế',55000,140,'Con_Hang','Món Chính',2,NULL),(13,NULL,NULL,NULL,NULL,'Phở bò truyền thống','/img/08a7e318-2a73-4ae4-9a21-8f8b534959dd_noodle-soup-8021418_1280.png','Phở tái nạm',60000,160,'Con_Hang','Món Chính',2,NULL),(14,NULL,NULL,NULL,NULL,'Mì xào thơm ngon','/img/18b18a17-6305-4aea-8892-785458ba13d5_ai-generated-8725190_1280.png','Mì xào hải sản',52000,130,'Con_Hang','Món Chính',2,NULL),(15,NULL,NULL,NULL,NULL,'Lẩu ngon bổ dưỡng','/img/5f064b7c-36f9-4453-bc4c-7b32418df9eb_chon-nguyen-lieu-rau-cu-gia-vi-phu-hop-de-nau-lau-thap-cam.jpg','Lẩu thập cẩm',90000,100,'Con_Hang','Món Chính',2,NULL),(16,NULL,NULL,NULL,NULL,'Cơm sườn mềm thơm','/img/9e868fbd-caca-4074-b01b-7d5b08f55c0a_ai-generated-8991387_1280.jpg','Cơm sườn nướng',52000,140,'Con_Hang','Món Chính',2,5),(17,NULL,NULL,NULL,NULL,'Bún riêu đậm đà','/img/6e5e0756-4e09-433f-b7a7-89aad5aa0537_ai-generated-8841964_1280.jpg','Bún riêu cua',48000,130,'Con_Hang','Món Chính',2,NULL),(18,NULL,NULL,NULL,NULL,'Phở gà thơm ngon','/img/7d430515-7933-40dd-b538-e6d4bb24b055_noodle-soup-8021418_1280.png','Phở gà',55000,150,'Con_Hang','Món Chính',2,NULL),(20,NULL,NULL,NULL,NULL,'Lẩu hải sản tươi ngon','/img/61ce0362-5388-4f50-a44c-ab74796623e7_chon-nguyen-lieu-rau-cu-gia-vi-phu-hop-de-nau-lau-thap-cam.jpg','Lẩu hải sản',95000,90,'Con_Hang','Món Chính',2,NULL),(21,NULL,NULL,NULL,NULL,'Hamburger thơm ngon','/img/3469a7c5-b77f-4abe-8b38-eea5f94d5252_ai-generated-7925774_1280.jpg','Hamburger bò',45000,200,'Con_Hang','Đồ Ăn Nhanh',3,2),(22,NULL,NULL,NULL,NULL,'Gà rán giòn tan','/img/7a463e90-d3a2-4eb5-89e0-abc2d00f8db8_turkish-8341294_1280.jpg','Gà rán giòn',47000,180,'Con_Hang','Đồ Ăn Nhanh',3,NULL),(23,NULL,NULL,NULL,NULL,'Pizza phô mai béo ngậy','/img/58ad835a-d534-43b1-b8a5-866ec7c171a1_ai-generated-9045688_1280.jpg','Pizza phô mai',65000,160,'Con_Hang','Đồ Ăn Nhanh',3,1),(24,NULL,NULL,NULL,NULL,'Sandwich thịt gà ngon','/img/eac1ef6d-961e-4ba9-af37-b1c8d9ce5774_ai-generated-8406366_1280.png','Sandwich gà',40000,170,'Con_Hang','Đồ Ăn Nhanh',3,NULL),(25,NULL,NULL,NULL,NULL,'Hamburger phô mai béo','/img/ed7a5c09-73e0-4dfe-a694-560d7d1ba4c2_ai-generated-7925774_1280.jpg','Hamburger phô mai',48000,190,'Con_Hang','Đồ Ăn Nhanh',3,NULL),(26,NULL,NULL,NULL,NULL,'Gà rán cay nóng','/img/cb0c5b7f-60f8-4295-8a34-41f82c69b5ad_turkish-8341294_1280.jpg','Gà rán cay',47000,180,'Con_Hang','Đồ Ăn Nhanh',3,NULL),(27,NULL,NULL,NULL,NULL,'Pizza hải sản tươi ngon','/img/c65794c5-87a5-4c7f-b9e5-801cd58db697_ai-generated-9045688_1280.jpg','Pizza hải sản',70000,150,'Con_Hang','Đồ Ăn Nhanh',3,NULL),(28,NULL,NULL,NULL,NULL,'Sandwich rau củ','/img/72072183-ecd8-478a-a82b-8805426c46b9_ai-generated-7925774_1280.jpg','Sandwich chay',38000,160,'Con_Hang','Đồ Ăn Nhanh',3,NULL),(29,NULL,NULL,NULL,NULL,'Hamburger thịt gà','/img/1855b978-fa7a-4a03-b0bd-4c4de53a5f8d_ai-generated-8406366_1280.png','Hamburger gà',46000,170,'Con_Hang','Đồ Ăn Nhanh',3,NULL),(30,NULL,NULL,NULL,NULL,'Gà rán đặc biệt','/img/132b1b43-e519-49c4-b340-cda8d0add7ac_turkish-8341294_1280.jpg','Gà rán truyền thống',45000,180,'Con_Hang','Đồ Ăn Nhanh',3,NULL),(31,NULL,NULL,NULL,NULL,'Bò nướng mềm thơm','/img/51443cb0-3b1a-474c-93e7-58b9b921d9c3_steak-8847373_1280.jpg','Bò nướng sốt BBQ',80000,120,'Con_Hang','Đồ Nướng',4,NULL),(32,NULL,NULL,NULL,NULL,'Gà nướng ngọt dịu','/img/623f7c7d-57dd-4ae7-9185-3400cbfb30d1_ai-generated-8594918_1280.jpg','Gà nướng mật ong',75000,110,'Con_Hang','Đồ Nướng',4,NULL),(34,NULL,NULL,NULL,NULL,'Bò nướng lá lốt đậm đà','/img/eaeb0e6b-bde6-482a-95a3-6deebe0396b1_bo-cuon-la-lot-10.jpg','Bò nướng lá lốt',80000,120,'Con_Hang','Đồ Nướng',4,NULL),(36,NULL,NULL,NULL,NULL,'Sườn heo BBQ đậm đà','/img/4de0a841-9ea3-4968-8f5b-0444439fca5f_lamb-chops-8824495_1280.jpg','BBQ sườn heo',72000,130,'Con_Hang','Đồ Nướng',4,NULL),(37,NULL,NULL,NULL,NULL,'Bò nướng cay thơm','/img/62b6eba0-c45c-4e04-9130-a269639339e7_steak-8847373_1280.jpg','Bò nướng sa tế',82000,125,'Con_Hang','Đồ Nướng',4,NULL),(38,NULL,NULL,NULL,NULL,'Gà nướng hành thơm ngon','/img/17504bcb-43e2-4800-91fc-5dbedbef59ff_ai-generated-8594918_1280.jpg','Gà nướng hành',74000,120,'Con_Hang','Đồ Nướng',4,NULL),(39,NULL,NULL,NULL,NULL,'Cá hồi BBQ ngon','/img/ddb11a6c-c855-4dc8-9a98-f955a1f572e5_ai-generated-9078761_1280.jpg','BBQ cá hồi',90000,110,'Con_Hang','Đồ Nướng',4,NULL),(40,NULL,NULL,NULL,NULL,'Bò nướng chảo ngon','/img/47d29df8-7faa-4a02-9a5b-f50ed96ad7fa_ai-generated-8006212_1280.jpg','Bò nướng chảo',85000,130,'Con_Hang','Đồ Nướng',4,NULL),(41,NULL,NULL,NULL,NULL,'Cơm chay nhiều món','/img/79151c52-0a09-4669-8639-c28e1cfcfdd7_ai-generated-8991738_1280 (1).jpg','Cơm chay thập cẩm',45000,100,'Con_Hang','Món Chay',5,NULL),(45,NULL,NULL,NULL,NULL,'Cơm chay nhẹ nhàng','/img/997b0083-171d-42b2-b00d-8abf58cd3dbe_ai-generated-8991738_1280 (1).jpg','Cơm chay rau củ',40000,95,'Con_Hang','Món Chay',5,NULL),(52,NULL,NULL,NULL,NULL,'Nước ép cam tươi','/img/287ca4cc-d6f6-4dd8-a36e-4c5c37c844cd_ai-generated-8691287_1280.jpg','Nước ép cam',30000,180,'Con_Hang','Đồ Uống',6,1),(56,NULL,NULL,NULL,NULL,'Nước ép cà rốt tươi','/img/67e7b0a1-78ca-49d7-96ce-b5a24a85e124_ai-generated-8741239_1280.png','Nước ép cà rốt',28000,170,'Con_Hang','Đồ Uống',6,NULL),(57,NULL,NULL,NULL,NULL,'Sinh tố dâu tươi ngon','/img/86b17a94-0996-44b3-b45a-c2296f8ab054_fruit-8504120_1280.jpg','Sinh tố dâu',34000,160,'Con_Hang','Đồ Uống',6,1),(60,NULL,NULL,NULL,NULL,'Nước ép táo tươi','/img/80d52647-32e8-4860-9334-1511b91269b2_ai-generated-8757301_1280.png','Nước ép táo',30000,160,'Con_Hang','Đồ Uống',6,NULL),(61,NULL,NULL,NULL,NULL,'Chè đậu xanh thơm ngon','/img/7d2975aa-0117-4da8-ae5b-073a1a32b081_red-wine-8744058_1280.png','Chè đậu xanh',25000,150,'Con_Hang','Tráng Miệng',7,NULL),(63,NULL,NULL,NULL,NULL,'Kem vani mát lạnh','/img/f7eaab55-8a33-41a9-b9ad-89471031b31c_ai-generated-8948551_1280.jpg','Kem vani',30000,130,'Con_Hang','Tráng Miệng',7,NULL),(64,NULL,NULL,NULL,NULL,'Trái cây mùa ngon','/img/2b961289-90d2-4849-abca-f94bc0047c19_ai-generated-9037066_1280.jpg','Trái cây tươi',35000,120,'Con_Hang','Tráng Miệng',7,NULL),(66,NULL,NULL,NULL,NULL,'Bánh flan vị socola','/img/90263edb-d6c3-4b04-9dfa-0bce0f625635_ai-generated-9220859_1280.jpg','Bánh flan socola',30000,130,'Con_Hang','Tráng Miệng',7,NULL),(67,NULL,NULL,NULL,NULL,'Kem dâu thơm ngon','/img/9460ff91-f7d3-40d7-aae3-d94d0e7c6d3a_ai-generated-8801420_1280.jpg','Kem dâu',32000,120,'Con_Hang','Tráng Miệng',7,NULL),(68,NULL,NULL,NULL,NULL,'Trái cây tươi ngon','/img/8be0d601-6a7e-4db9-98c1-8243b50505bd_mixed-fruits-7772552_1280.jpg','Trái cây tổng hợp',36000,115,'Con_Hang','Tráng Miệng',7,NULL),(70,NULL,NULL,NULL,NULL,'Bánh flan mềm mịn','/img/2bf45991-fab5-4abe-911d-913bf9bf4680_ai-generated-9128653_1280.png','Bánh flan caramen',28000,140,'Con_Hang','Tráng Miệng',7,NULL);
/*!40000 ALTER TABLE `products` ENABLE KEYS */;
UNLOCK TABLES;

--
-- Table structure for table `refreshtoken`
--

DROP TABLE IF EXISTS `refreshtoken`;
/*!40101 SET @saved_cs_client     = @@character_set_client */;
/*!50503 SET character_set_client = utf8mb4 */;
CREATE TABLE `refreshtoken` (
  `id` bigint NOT NULL AUTO_INCREMENT,
  `expiry_date` datetime(6) NOT NULL,
  `refreshtoken` varchar(200) NOT NULL,
  `user_id` bigint DEFAULT NULL,
  PRIMARY KEY (`id`),
  UNIQUE KEY `UK_ns6vribdt8ty1c4m6nsvqbdv1` (`refreshtoken`),
  KEY `FKfr75ge3iecdx26qe8afh1srf6` (`user_id`),
  CONSTRAINT `FKfr75ge3iecdx26qe8afh1srf6` FOREIGN KEY (`user_id`) REFERENCES `user` (`id`)
) ENGINE=InnoDB AUTO_INCREMENT=153 DEFAULT CHARSET=utf8mb4 COLLATE=utf8mb4_0900_ai_ci;
/*!40101 SET character_set_client = @saved_cs_client */;

--
-- Dumping data for table `refreshtoken`
--

LOCK TABLES `refreshtoken` WRITE;
/*!40000 ALTER TABLE `refreshtoken` DISABLE KEYS */;
INSERT INTO `refreshtoken` VALUES (16,'2025-05-30 23:25:38.974000','36370a2e-edf8-43fa-8bb7-0b8a92c6994f',2),(17,'2025-05-30 23:25:48.500000','81328494-168f-44db-80e3-37cef427fe7f',2),(30,'2025-05-31 19:37:27.208000','4e03fae3-fd7a-4c6f-8719-926b82884cd7',3),(31,'2025-06-01 16:31:41.742000','4a691c4b-eca3-4d9a-968a-80ab3517136f',3),(33,'2025-06-01 17:37:34.017000','d0d7ec7c-6203-4a84-992c-f81216a36a9f',3),(43,'2025-06-02 13:26:08.173000','3ff31637-a7dc-4479-ae1a-d9d19eb14b45',23),(44,'2025-06-04 23:57:27.471000','2afcbb64-f946-4c6f-9bc9-9ce29b36d49f',23),(45,'2025-06-04 23:57:54.570000','7c694f25-f2e5-4806-aee6-e16f81c2bf60',2),(46,'2025-06-04 23:57:59.792000','4ebb2037-a960-4a3a-9005-c2fe9e8884d1',2),(48,'2025-06-05 23:45:37.249000','f5d6a1b7-7f77-4866-ac5f-b4baf68f2f6d',2),(51,'2025-06-06 23:18:07.263000','06b7e3fa-369c-4a11-9ec6-faa1285de5d4',3),(53,'2025-06-07 14:19:44.016000','2f6cdb40-a67b-4e68-9675-29d0b9ee727e',3),(54,'2025-06-07 14:39:47.717000','b8d66a88-e3f8-4f77-be34-4bbd15777782',2),(57,'2025-06-07 15:27:49.604000','5e0d2d63-a784-409b-9db4-f10bd92db7a6',2),(58,'2025-06-07 17:16:29.903000','7701fc2c-d495-4eea-b611-8297cc02ddea',2),(60,'2025-06-07 23:14:06.274000','a4dec45e-1b22-4ccc-baef-a19d9fe44e3f',3),(61,'2025-06-09 20:24:14.260000','e8f9dc5d-e45e-40c5-af0b-707a7fd5c926',3),(62,'2025-06-11 14:26:53.013000','f5d9b3c2-bd0e-4787-b010-7a7eaab0f0d6',2),(63,'2025-06-11 14:32:19.935000','3837fdc3-c2a4-4708-8030-b107950632d1',2),(64,'2025-06-11 14:35:56.471000','6739dc76-b04b-4fc0-b1f8-1dbc75c4a394',3),(65,'2025-06-11 14:40:57.652000','67e3d9ad-4505-4ebf-ba37-acae282af1eb',2),(66,'2025-06-11 15:05:08.170000','d5f62000-ee5b-4310-af95-47d7af71c976',2),(67,'2025-06-11 15:37:37.992000','b2c5d76d-2b2c-4e37-b413-86347debd9e0',3),(68,'2025-06-11 15:38:45.463000','75270985-8fc5-4490-b985-ddcc5cb6a383',2),(69,'2025-06-11 18:30:26.732000','c023b847-0281-49f4-9852-abf9eab1f4d0',3),(71,'2025-06-12 22:24:34.148000','76bf0347-775d-43c6-ae11-c6f8cf1f1feb',2),(72,'2025-06-13 17:58:37.048000','8d87f6e6-30d9-41ba-a7f4-02dcd05c8e55',2),(73,'2025-06-13 18:02:21.029000','f95c10e1-8912-40f2-a661-843542a0bd0d',3),(74,'2025-06-13 18:05:12.186000','530dc4c9-886c-481b-b1fe-1a88b77793aa',2),(78,'2025-06-14 17:35:56.267000','354e11ee-745b-4ca6-9f40-5a8c15f0c749',2),(80,'2025-06-15 13:06:10.440000','168171c1-b169-4d5f-ae6c-4c1b8461287b',2),(82,'2025-06-15 13:56:37.755000','ff24f558-5420-4e53-89d6-4d01fa928d94',2),(85,'2025-06-16 16:06:24.291000','394600a5-dd5e-452a-9276-d883342c72d0',2),(88,'2025-06-16 17:17:58.124000','0d0900bf-be08-4b7a-a8c2-71f13c457404',2),(96,'2025-06-17 11:22:51.995000','317f760f-b4d3-42f8-bc17-33fd3d4fafc8',3),(97,'2025-06-17 14:18:00.226000','1fc9a047-ed7a-4da4-899a-b17f5a35c9fc',2),(99,'2025-06-17 16:23:21.163000','9d3c57f6-c98b-4f36-a329-4383c378e277',2),(100,'2025-06-17 16:35:39.540000','d0a2ecbe-8bb0-4fae-8497-7aab12f4832e',2),(101,'2025-06-17 21:22:52.214000','6c10bfa5-7feb-4aa0-9609-4768821f73a4',2),(103,'2025-06-17 23:50:41.467000','8ba5757e-a515-4cab-a504-c0370bea89c3',2),(107,'2025-06-18 18:00:51.697000','72460a51-0390-4d6c-a742-18e738cef700',3),(108,'2025-06-18 18:15:44.509000','3a0ab45e-4b5e-4b03-98f8-356cd9a90b0e',2),(112,'2025-06-18 22:57:36.675000','7e70f3d8-7533-4e4b-8968-51dd38ae7236',2),(114,'2025-06-19 00:10:31.146000','ff8d6b0d-fe1f-4051-a102-f1c286c3d99b',2),(115,'2025-06-19 09:55:16.371000','38e316b9-392f-4719-b5d2-ea4623f3762d',2),(118,'2025-06-19 17:43:35.235000','5012e623-9129-4fe7-a5cf-9175d83f00fb',2),(121,'2025-06-19 21:20:10.035000','c38a733a-9711-4dd3-99f1-072b45baa6f8',2),(122,'2025-06-19 22:01:36.711000','3910198a-488a-4dd7-a09b-0088431d25a9',2),(124,'2025-06-20 10:32:56.806000','1f3b4dd6-ffa0-4ce4-8336-2a81bd300207',3),(125,'2025-06-20 21:23:10.899000','7e42931c-e875-445b-9d44-8e7b8a734ebf',3),(128,'2025-06-21 00:00:52.995000','c706fe10-6917-416e-bb0e-aeb387ba1857',2),(129,'2025-06-21 00:09:41.280000','ac403a4c-88d1-49ef-ba2b-af471d01a7ea',3),(130,'2025-06-21 09:47:56.040000','00799f78-ae71-4b16-92e4-b43d08b6dd2b',3),(133,'2025-06-22 00:51:17.536000','96fabdd2-5aa9-40f6-821a-38544a436985',2),(136,'2025-06-22 08:59:04.197000','b0e691dc-c187-4e06-9e4d-0e61a55557ce',2),(138,'2025-06-22 10:58:54.710000','e1330a64-c4fb-4250-b573-cfc6084e2c73',2),(140,'2025-06-22 11:14:11.675000','32957317-cac3-4ecb-9fea-bd013328c234',2),(142,'2025-06-22 15:47:07.563000','4058e845-5c24-42cc-b469-8ff3dd412c98',2),(144,'2025-06-22 18:07:31.250000','bad50c15-2a6c-43c4-b975-6a797250f690',2),(147,'2025-06-22 23:31:06.806000','7ec52543-b69a-420b-9d05-34482143e502',2),(149,'2025-06-23 00:00:12.728000','88ad811b-f987-4472-aaf6-20e5a2df40fe',2),(152,'2025-06-23 22:40:28.311000','9dae6955-afcf-4bdc-ab84-2d3f100484e8',3);
/*!40000 ALTER TABLE `refreshtoken` ENABLE KEYS */;
UNLOCK TABLES;

--
-- Table structure for table `review`
--

DROP TABLE IF EXISTS `review`;
/*!40101 SET @saved_cs_client     = @@character_set_client */;
/*!50503 SET character_set_client = utf8mb4 */;
CREATE TABLE `review` (
  `id` bigint NOT NULL AUTO_INCREMENT,
  `createdby` varchar(255) DEFAULT NULL,
  `createddate` datetime DEFAULT NULL,
  `lastmodifiedby` varchar(255) DEFAULT NULL,
  `lastmodifieddate` datetime DEFAULT NULL,
  `comment` text,
  `image_url` varchar(255) DEFAULT NULL,
  `rating` int DEFAULT NULL,
  `product_id` bigint DEFAULT NULL,
  `user_id` bigint DEFAULT NULL,
  PRIMARY KEY (`id`),
  KEY `FKa5cmgpp2plp5oai84fkmbi63e` (`product_id`),
  KEY `FKiyf57dy48lyiftdrf7y87rnxi` (`user_id`),
  CONSTRAINT `FKa5cmgpp2plp5oai84fkmbi63e` FOREIGN KEY (`product_id`) REFERENCES `products` (`id`),
  CONSTRAINT `FKiyf57dy48lyiftdrf7y87rnxi` FOREIGN KEY (`user_id`) REFERENCES `user` (`id`)
) ENGINE=InnoDB AUTO_INCREMENT=18 DEFAULT CHARSET=utf8mb4 COLLATE=utf8mb4_0900_ai_ci;
/*!40101 SET character_set_client = @saved_cs_client */;

--
-- Dumping data for table `review`
--

LOCK TABLES `review` WRITE;
/*!40000 ALTER TABLE `review` DISABLE KEYS */;
INSERT INTO `review` VALUES (1,NULL,'2025-06-16 11:22:17',NULL,NULL,'Mình rất hài lòng với sản phẩm!','https://example.com/images/review5.jpg',5,2,1),(2,NULL,'2025-06-16 11:23:10',NULL,NULL,'Mình rất hài lòng với sản phẩm!','https://example.com/images/review5.jpg',4,3,2),(3,NULL,'2025-06-16 11:24:32',NULL,NULL,'Mình rất hài lòng với sản phẩm!','https://example.com/images/review5.jpg',4,3,6),(6,NULL,'2025-06-16 15:47:55',NULL,NULL,'Mình rất hài lòng với sản phẩm!','https://example.com/images/review5.jpg',3,3,2),(7,NULL,'2025-06-18 12:22:06',NULL,NULL,'Mình rất hài lòng với sản phẩm!','https://example.com/images/review5.jpg',4,3,3),(9,NULL,'2025-06-18 14:45:41',NULL,NULL,'Mình rất hài lòng với sản phẩm!','/reviews/e5e8a578-b4a0-4ba4-b93f-38efe73f3a37_ai-generated-8757301_1280.png',3,21,3),(12,NULL,'2025-06-18 14:46:46',NULL,NULL,'Mình rất hài lòng với sản phẩm!','/reviews/d59cdd55-6adb-4316-a737-78d9e61c8d01_ai-generated-8801420_1280.jpg',3,21,3),(14,NULL,'2025-06-18 14:30:56',NULL,NULL,'','/reviews/eeb18664-6613-462e-b8cb-942a148d0f41_ai-generated-8406366_1280.png',4,21,3),(15,NULL,'2025-06-20 14:53:55',NULL,NULL,'Ngon',NULL,5,22,3),(16,NULL,'2025-06-20 15:00:18',NULL,NULL,'Khas ok','/reviews/6421e9ea-b25a-4563-9565-cef4e070a315_chon-nguyen-lieu-rau-cu-gia-vi-phu-hop-de-nau-lau-thap-cam.jpg',4,21,3),(17,NULL,'2025-06-20 15:37:28',NULL,NULL,'Tuyêth cà là vời','/reviews/43959e9b-e307-4353-ace4-e5e078d166dc_ai-generated-8991738_1280 (1).jpg',4,22,3);
/*!40000 ALTER TABLE `review` ENABLE KEYS */;
UNLOCK TABLES;

--
-- Table structure for table `role`
--

DROP TABLE IF EXISTS `role`;
/*!40101 SET @saved_cs_client     = @@character_set_client */;
/*!50503 SET character_set_client = utf8mb4 */;
CREATE TABLE `role` (
  `id` bigint NOT NULL AUTO_INCREMENT,
  `createdby` varchar(255) DEFAULT NULL,
  `createddate` datetime(6) DEFAULT NULL,
  `lastmodifiedby` varchar(255) DEFAULT NULL,
  `lastmodifieddate` datetime(6) DEFAULT NULL,
  `code` varchar(255) NOT NULL,
  `name` varchar(255) NOT NULL,
  PRIMARY KEY (`id`),
  UNIQUE KEY `UK_c36say97xydpmgigg38qv5l2p` (`code`)
) ENGINE=InnoDB AUTO_INCREMENT=3 DEFAULT CHARSET=utf8mb4 COLLATE=utf8mb4_0900_ai_ci;
/*!40101 SET character_set_client = @saved_cs_client */;

--
-- Dumping data for table `role`
--

LOCK TABLES `role` WRITE;
/*!40000 ALTER TABLE `role` DISABLE KEYS */;
INSERT INTO `role` VALUES (1,NULL,NULL,NULL,NULL,'ADMIN','ROLE_ADMIN'),(2,NULL,NULL,NULL,NULL,'USER','ROLE_USER');
/*!40000 ALTER TABLE `role` ENABLE KEYS */;
UNLOCK TABLES;

--
-- Table structure for table `shippinginfo`
--

DROP TABLE IF EXISTS `shippinginfo`;
/*!40101 SET @saved_cs_client     = @@character_set_client */;
/*!50503 SET character_set_client = utf8mb4 */;
CREATE TABLE `shippinginfo` (
  `id` int NOT NULL AUTO_INCREMENT,
  PRIMARY KEY (`id`)
) ENGINE=InnoDB DEFAULT CHARSET=utf8mb4 COLLATE=utf8mb4_0900_ai_ci;
/*!40101 SET character_set_client = @saved_cs_client */;

--
-- Dumping data for table `shippinginfo`
--

LOCK TABLES `shippinginfo` WRITE;
/*!40000 ALTER TABLE `shippinginfo` DISABLE KEYS */;
/*!40000 ALTER TABLE `shippinginfo` ENABLE KEYS */;
UNLOCK TABLES;

--
-- Table structure for table `user`
--

DROP TABLE IF EXISTS `user`;
/*!40101 SET @saved_cs_client     = @@character_set_client */;
/*!50503 SET character_set_client = utf8mb4 */;
CREATE TABLE `user` (
  `id` bigint NOT NULL AUTO_INCREMENT,
  `createdby` varchar(255) DEFAULT NULL,
  `createddate` datetime(6) DEFAULT NULL,
  `lastmodifiedby` varchar(255) DEFAULT NULL,
  `lastmodifieddate` datetime(6) DEFAULT NULL,
  `address` varchar(255) DEFAULT NULL,
  `email` varchar(100) DEFAULT NULL,
  `fullname` varchar(255) DEFAULT NULL,
  `isverified` bit(1) NOT NULL,
  `numberphone` varchar(10) DEFAULT NULL,
  `password` varchar(255) DEFAULT NULL,
  PRIMARY KEY (`id`),
  UNIQUE KEY `UK_ob8kqyqqgmefl0aco34akdtpe` (`email`)
) ENGINE=InnoDB AUTO_INCREMENT=26 DEFAULT CHARSET=utf8mb4 COLLATE=utf8mb4_0900_ai_ci;
/*!40101 SET character_set_client = @saved_cs_client */;

--
-- Dumping data for table `user`
--

LOCK TABLES `user` WRITE;
/*!40000 ALTER TABLE `user` DISABLE KEYS */;
INSERT INTO `user` VALUES (1,NULL,NULL,NULL,NULL,NULL,'adminahihhi@gmail.com',NULL,_binary '\0',NULL,'$2a$10$7UBKsdIhIJk/z.KbpsrQqe5IgbpF5dWfz0oU1yR2d4FHhzuwzAFd2'),(2,NULL,NULL,NULL,NULL,'TP.HCM','admin@gmail.com','admin',_binary '','035538724','$2a$10$7UBKsdIhIJk/z.KbpsrQqe5IgbpF5dWfz0oU1yR2d4FHhzuwzAFd2'),(3,NULL,NULL,NULL,NULL,'39/11a đường 102 tăng nhơn phú A','2251120103@ut.edu.vn','Vanphuc',_binary '','0355308724','$2a$10$4TwHd8Wbts38yJ3glA.3pObBKUChMs61/K7PeKtEkhlgbVQKEdRKq'),(4,NULL,NULL,NULL,NULL,NULL,'phuc2704@gmail.com',NULL,_binary '',NULL,'$2a$10$jP9ccAPBWs3KbzCltPQgI.PnrDXzgxx0WIfPzXcRYijnUo1WaK5CC'),(5,NULL,NULL,NULL,NULL,NULL,'phuc27042004@gmail.com',NULL,_binary '',NULL,'$2a$10$1FzD.7l8jV6iRukAyr8p7.23FBYZ67iRaqNiK99Mo686W5wvxJBPa'),(6,NULL,NULL,NULL,NULL,NULL,'abc@gmail.com',NULL,_binary '',NULL,'$2a$10$Zp6hNjDtBHownhQC87NU3.8SHM.RWonlOPcPtYV0sSC4tmayHceem'),(7,NULL,NULL,NULL,NULL,NULL,'abcD@gmail.com',NULL,_binary '',NULL,'$2a$10$BnOp53Vv1fxKOQcFCdWNE.8rMcHPSMfdlAkb5MpW/H5UZ4MmTj5Qm'),(8,NULL,NULL,NULL,NULL,NULL,'bbb@gmail.com',NULL,_binary '',NULL,'$2a$10$Ox7Mb.GSM3nwDGkUpQLFme0q6p116LVFlY9QVmuwZr7cCwveG9HSa'),(9,NULL,NULL,NULL,NULL,NULL,'ahihi@gmail.com',NULL,_binary '',NULL,'$2a$10$PjWj9CZ5crTug3i.AAxxG.RrffOjsV6mCPBZSBwAZyVUtEeJzDaNa'),(10,NULL,NULL,NULL,NULL,NULL,'kk@gmail.com',NULL,_binary '',NULL,'$2a$10$B1zOEoLKg9gKbyRnxivKe.Cl1kpAYO9FxCFo0IItLf3QnPOqvnJm2'),(11,NULL,NULL,NULL,NULL,NULL,'l@gmail.com',NULL,_binary '',NULL,'$2a$10$jX3lJvengVKzZwjQnfI2HuB8IZ0ecPJzf.8cX8JV0iqPxiJ8g1FFe'),(12,NULL,NULL,NULL,NULL,NULL,'phucc@gmail.com',NULL,_binary '',NULL,'$2a$10$g6buhWFNNOcNwgOkRo.ak.uv/CQB2hFO/ebyp.IMxk.Bd3k3HBuEG'),(13,NULL,NULL,NULL,NULL,NULL,'ff@gmail.com',NULL,_binary '',NULL,'$2a$10$forTiJWmx33gh.IYs6FFBOZN2HoT7ZQ2TOEGWgrMyFDunwCTPwa8K'),(14,NULL,NULL,NULL,NULL,NULL,'abce@gmail.com',NULL,_binary '',NULL,'$2a$10$4xQWlIT03pefAGx8sMK0duqhVzXB13HiYrQbzzne6e7k/hvZ.QPdi'),(15,NULL,NULL,NULL,NULL,NULL,'abcg@gmail.com',NULL,_binary '',NULL,'$2a$10$roZOry5hIAXjCkGvXsH6S.zRx.VgLI2ITn3Qz2mYBb7KnbspZs/PG'),(16,NULL,NULL,NULL,NULL,NULL,'aB@gmail.com',NULL,_binary '',NULL,'$2a$10$FDiw70bwq3.tcyeSo7W4cOrl4bj9qVAZHyvFp5Y/Zx5WxEx4ZOB.6'),(17,NULL,NULL,NULL,NULL,NULL,'abcf@gmail.com',NULL,_binary '',NULL,'$2a$10$z0jv6WawLBHld4K1on3ABOfdDTjt4imhfdV5nyn49v1QLiiGfiu56'),(18,NULL,NULL,NULL,NULL,NULL,'hh@gmail.com',NULL,_binary '',NULL,'$2a$10$8aIhnwIS7TjsvS.MSsXCqex5PNSO1ZvcGuN6xAXXl9XaZJmjN4XtC'),(19,NULL,NULL,NULL,NULL,NULL,'abch@gmail.com',NULL,_binary '',NULL,'$2a$10$mcK6S7bqsKVRtYyP/UQzOeJAfNMFI43qN0vjD4GA25GKWaYOZRSRu'),(20,NULL,NULL,NULL,NULL,NULL,'abchh@gmail.com',NULL,_binary '',NULL,'$2a$10$dvsT3mCcSmFkH6zlwpYMTeoXVv7hg.cBz2LiGX5I/8SSgZBX9bcoO'),(21,NULL,NULL,NULL,NULL,NULL,'abchhu@gmail.com',NULL,_binary '',NULL,'$2a$10$PEMa3T632TfUeoUITHAQWuF9CFiz4nfJ.ljEPOpE8JxVcmf09CiAG'),(22,NULL,NULL,NULL,NULL,NULL,'abcj@gmail.com',NULL,_binary '',NULL,'$2a$10$N0Aahy1WV9MkwGInqmgOXexCqVlOoILwRNukYQRBqZruB46ru/AHC'),(23,NULL,NULL,NULL,NULL,'39/11a Duong 102, Tang Nhon Phu A, TP.HCM','abbCF@gmail.com','VanPhuc',_binary '','0355308724','$2a$10$/Txwxr87E2tJ7ELSdvrn9Oo.oPSkHKeoXlSndbFDVfkqBeTDIawdy'),(24,NULL,NULL,NULL,NULL,'39/11a Duong 102, Tang Nhon Phu A, TP.HCM','abcl@gmail.com','VanPhuc',_binary '','0355308724','$2a$10$Q3JQ6gVPCZjhXjlEqQv9x.P5lma/pvQsvAwENm0QFt44MZL8ov5NG'),(25,NULL,NULL,NULL,NULL,NULL,'225112010@ut.edu.vn',NULL,_binary '',NULL,'$2a$10$G1gyATHQ/I1wdgv2R1sBPOY5jZBXwLMHj1OJEqH2DDlHqRcn8Ds2q');
/*!40000 ALTER TABLE `user` ENABLE KEYS */;
UNLOCK TABLES;

--
-- Table structure for table `user_role`
--

DROP TABLE IF EXISTS `user_role`;
/*!40101 SET @saved_cs_client     = @@character_set_client */;
/*!50503 SET character_set_client = utf8mb4 */;
CREATE TABLE `user_role` (
  `user_id` bigint NOT NULL,
  `role_id` bigint NOT NULL,
  KEY `FKa68196081fvovjhkek5m97n3y` (`role_id`),
  KEY `FK859n2jvi8ivhui0rl0esws6o` (`user_id`),
  CONSTRAINT `FK859n2jvi8ivhui0rl0esws6o` FOREIGN KEY (`user_id`) REFERENCES `user` (`id`),
  CONSTRAINT `FKa68196081fvovjhkek5m97n3y` FOREIGN KEY (`role_id`) REFERENCES `role` (`id`)
) ENGINE=InnoDB DEFAULT CHARSET=utf8mb4 COLLATE=utf8mb4_0900_ai_ci;
/*!40101 SET character_set_client = @saved_cs_client */;

--
-- Dumping data for table `user_role`
--

LOCK TABLES `user_role` WRITE;
/*!40000 ALTER TABLE `user_role` DISABLE KEYS */;
INSERT INTO `user_role` VALUES (1,2),(2,1),(3,2),(4,2),(5,2),(6,2),(7,2),(8,2),(9,2),(10,2),(11,2),(12,2),(13,2),(14,2),(15,2),(16,2),(17,2),(18,2),(19,2),(20,2),(21,2),(22,2),(23,2),(24,2),(25,2);
/*!40000 ALTER TABLE `user_role` ENABLE KEYS */;
UNLOCK TABLES;

--
-- Table structure for table `verification`
--

DROP TABLE IF EXISTS `verification`;
/*!40101 SET @saved_cs_client     = @@character_set_client */;
/*!50503 SET character_set_client = utf8mb4 */;
CREATE TABLE `verification` (
  `id` bigint NOT NULL AUTO_INCREMENT,
  `expiry_date` datetime(6) NOT NULL,
  `verificationtoken` varchar(200) NOT NULL,
  `user_id` bigint DEFAULT NULL,
  PRIMARY KEY (`id`),
  UNIQUE KEY `UK_9fdlgo6uhf46n1h3wn4qsbq0c` (`verificationtoken`),
  KEY `FKlhkcrvgj83d37uxew4gvjm684` (`user_id`),
  CONSTRAINT `FKlhkcrvgj83d37uxew4gvjm684` FOREIGN KEY (`user_id`) REFERENCES `user` (`id`)
) ENGINE=InnoDB AUTO_INCREMENT=32 DEFAULT CHARSET=utf8mb4 COLLATE=utf8mb4_0900_ai_ci;
/*!40101 SET character_set_client = @saved_cs_client */;

--
-- Dumping data for table `verification`
--

LOCK TABLES `verification` WRITE;
/*!40000 ALTER TABLE `verification` DISABLE KEYS */;
INSERT INTO `verification` VALUES (1,'2025-05-30 21:39:01.526000','405627',1),(14,'2025-05-30 14:45:20.807000','216759',3);
/*!40000 ALTER TABLE `verification` ENABLE KEYS */;
UNLOCK TABLES;
/*!40103 SET TIME_ZONE=@OLD_TIME_ZONE */;

/*!40101 SET SQL_MODE=@OLD_SQL_MODE */;
/*!40014 SET FOREIGN_KEY_CHECKS=@OLD_FOREIGN_KEY_CHECKS */;
/*!40014 SET UNIQUE_CHECKS=@OLD_UNIQUE_CHECKS */;
/*!40101 SET CHARACTER_SET_CLIENT=@OLD_CHARACTER_SET_CLIENT */;
/*!40101 SET CHARACTER_SET_RESULTS=@OLD_CHARACTER_SET_RESULTS */;
/*!40101 SET COLLATION_CONNECTION=@OLD_COLLATION_CONNECTION */;
/*!40111 SET SQL_NOTES=@OLD_SQL_NOTES */;

-- Dump completed on 2025-06-23 15:53:15
